user_category_1,user_category_2,predicted_category,count
Комплектующие для ПК,Музыка,Антикварные книги,1
Уход за телом,Мебель медицинская,Комплекты украшений,1
Комплекты украшений,Видео,Офисная техника,1
Видео,Офисная техника,Автомобили новые,1
Офисная техника,Автомобили новые,Мужчинам,1
Автомобили новые,Мужчинам,Учебная литература,1
Мужчинам,Учебная литература,Виниловые пластинки,1
Учебная литература,Виниловые пластинки,Телефоны и смарт-часы,1
Виниловые пластинки,Телефоны и смарт-часы,"Буклеты, листовки и брошюры",1
"Буклеты, листовки и брошюры",Телефоны и смарт-часы,Аксессуары для электроники,1
Телефоны и смарт-часы,Аксессуары для электроники,Лекарственные средства,1
Аксессуары для электроники,Лекарственные средства,Автомобили новые,1
Лекарственные средства,Автомобили новые,Калькуляторы,1
Автомобили новые,Калькуляторы,Мебель для бизнеса,1
Калькуляторы,Мебель для бизнеса,Xbox,1
Мебель для бизнеса,Xbox,Детские украшения,1
Xbox,Детские украшения,Мягкая мебель,1
Мебель медицинская,Комплекты украшений,Видео,1
Игровые наушники,Уход за телом,Мебель медицинская,1
Бескаркасная мебель,Охранные системы и видеонаблюдение,Уход за лицом,1
Игры и игровые подписки,Игровые наушники,Уход за телом,1
Для грызунов и хорьков,Часы и электронные будильники,Мебель для хранения,1
Часы и электронные будильники,Мебель для хранения,Игровые жанры,1
Мебель для хранения,Игровые жанры,Телевизоры и видеотехника,1
Игровые жанры,Телевизоры и видеотехника,Онлайн-подписки,1
Телевизоры и видеотехника,Онлайн-подписки,Часы и электронные будильники,1
Онлайн-подписки,Часы и электронные будильники,Рули и педали,1
Часы и электронные будильники,Рули и педали,Письменные принадлежности,1
Рули и педали,Письменные принадлежности,Витамины и БАДы,1
Письменные принадлежности,Витамины и БАДы,Уход за телом,1
Витамины и БАДы,Уход за телом,Игровые наушники,1
Уход за телом,Игровые наушники,Игровые картриджи,1
Игровые наушники,Игровые картриджи,Игровые жанры,1
Игровые картриджи,Игровые жанры,Личная гигиена,1
Игровые жанры,Личная гигиена,Игры и игровые подписки,1
Личная гигиена,Игры и игровые подписки,Игровые наушники,1
Детские украшения,Мягкая мебель,Аксессуары для киберспорта,1
Мягкая мебель,Аксессуары для киберспорта,"Ноутбуки, планшеты и электронные книги",1
Аксессуары для киберспорта,"Ноутбуки, планшеты и электронные книги",Чертежные принадлежности,1
"Ноутбуки, планшеты и электронные книги",Чертежные принадлежности,Путешествия,1
Антикварные книги,Бумажная продукция,Загар и защита от солнца,1
Бумажная продукция,Загар и защита от солнца,Программное обеспечение,1
Загар и защита от солнца,Программное обеспечение,Бескаркасная мебель,1
Программное обеспечение,Бескаркасная мебель,Запчасти для игровых консолей,1
Бескаркасная мебель,Запчасти для игровых консолей,Блокноты и ежедневники,1
Запчасти для игровых консолей,Блокноты и ежедневники,Электронные аудиокниги,1
Блокноты и ежедневники,Электронные аудиокниги,Личная гигиена,1
Электронные аудиокниги,Личная гигиена,Техника для кухни,1
Личная гигиена,Техника для кухни,Игровая атрибутика,1
Техника для кухни,Игровая атрибутика,Уход за лицом,1
Игровая атрибутика,Уход за лицом,Нехудожественная литература,1
Уход за лицом,Нехудожественная литература,Автомобили новые,1
Нехудожественная литература,Автомобили новые,"Буклеты, листовки и брошюры",1
Автомобили новые,"Буклеты, листовки и брошюры",Антикварные книги,1
"Буклеты, листовки и брошюры",Антикварные книги,Бескаркасная мебель,1
Личная гигиена,Антикварные книги,Бумажная продукция,1
Детям и родителям,Личная гигиена,Антикварные книги,1
Онлайн-подписки,Детям и родителям,Личная гигиена,1
Товары для бань и саун,Техника для красоты и здоровья,Мужчинам,1
Чертежные принадлежности,Путешествия,Блокноты и ежедневники,1
Путешествия,Блокноты и ежедневники,Ортопедия,1
Блокноты и ежедневники,Ортопедия,Столы и стулья,1
Ортопедия,Столы и стулья,Шнурки,1
Столы и стулья,Шнурки,Товары для бань и саун,1
Шнурки,Товары для бань и саун,Техника для красоты и здоровья,1
Техника для красоты и здоровья,Мужчинам,Климатическая техника,1
PlayStation,Онлайн-подписки,Детям и родителям,1
Мужчинам,Климатическая техника,Игровые жанры,1
Климатическая техника,Игровые жанры,Электронные аудиокниги,1
Игровые жанры,Электронные аудиокниги,Товары для гигиены,1
Электронные аудиокниги,Товары для гигиены,Ретро-консоли,1
Товары для гигиены,Ретро-консоли,Мягкая мебель,1
Мягкая мебель,Компьютеры и периферия,PlayStation,1
Полиграфическое оборудование,Для грызунов и хорьков,Часы и электронные будильники,1
Компьютеры и периферия,Полиграфическое оборудование,Для грызунов и хорьков,1
Ортопедия,Компьютеры и периферия,Полиграфическое оборудование,1
Религия и эзотерика,Материалы и средства стоматологические,Украшения на шею,1
Автомобили новые,Транспортные средства,Уход и аксессуары,1
Транспортные средства,Уход и аксессуары,Сейфы и архивные шкафы,1
Уход и аксессуары,Сейфы и архивные шкафы,Маникюр и педикюр,1
Сейфы и архивные шкафы,Маникюр и педикюр,Техника для дома,1
Маникюр и педикюр,Техника для дома,Уход за телом,1
Техника для дома,Уход за телом,Ручные массажеры и аппликаторы,1
Уход за телом,Ручные массажеры и аппликаторы,Запонки и зажимы,1
Ручные массажеры и аппликаторы,Запонки и зажимы,Для птиц,1
Запонки и зажимы,Для птиц,Часы,1
Для птиц,Часы,Компьютерная и офисная мебель,1
Мебель для ванной,Мужчинам,Комплектующие для ПК,1
Мужчинам,Комплектующие для ПК,Аккумуляторы и аксессуары,1
Комплектующие для ПК,Аккумуляторы и аксессуары,Детям,1
Аккумуляторы и аксессуары,Детям,Уход за волосами,1
Детям,Уход за волосами,Религия и эзотерика,1
Детское питание,Автомобили новые,Транспортные средства,1
Личная гигиена,Детское питание,Автомобили новые,1
Мужчинам,Личная гигиена,Детское питание,1
Рыбалка,Женщинам,Приборы и инструменты,1
Ортопедия,Парфюмерия,Автоаксессуары и принадлежности,1
Парфюмерия,Автоаксессуары и принадлежности,Для кошек,1
Автоаксессуары и принадлежности,Для кошек,Онлайн-подписки,1
Для кошек,Онлайн-подписки,Очки виртуальной реальности,1
Онлайн-подписки,Очки виртуальной реальности,Рыбалка,1
Очки виртуальной реальности,Рыбалка,Женщинам,1
Женщинам,Приборы и инструменты,Обложки,1
Телефоны и смарт-часы,Мужчинам,Личная гигиена,1
Приборы и инструменты,Обложки,Детям и родителям,1
Обложки,Детям и родителям,Уход за одеждой,1
Детям и родителям,Уход за одеждой,Садовая мебель,1
Уход за одеждой,Садовая мебель,Квадрокоптеры и аксессуары,1
Садовая мебель,Квадрокоптеры и аксессуары,Телефоны и смарт-часы,1
Квадрокоптеры и аксессуары,Телефоны и смарт-часы,Мужчинам,1
Уход за волосами,Религия и эзотерика,Материалы и средства стоматологические,1
Материалы и средства стоматологические,Украшения на шею,Игры и игровые подписки,1
Запчасти для игровых консолей,Компьютеры и периферия,Ортопедия,1
Украшения на шею,Игры и игровые подписки,Mobile gaming,1
Спорт и игры на улице,Обувь для рыбалки и охоты,Запчасти для игровых консолей,1
Обувь для рыбалки и охоты,Запчасти для игровых консолей,Товары для праздников,1
Запчасти для игровых консолей,Товары для праздников,Nintendo,1
Товары для праздников,Nintendo,Папки и файлы,1
Nintendo,Папки и файлы,Компьютеры и периферия,1
Папки и файлы,Компьютеры и периферия,Путешествия,1
Компьютеры и периферия,Путешествия,Для рыб и рептилий,1
Путешествия,Для рыб и рептилий,Аккумуляторы и зарядки,1
Для рыб и рептилий,Аккумуляторы и зарядки,Личная гигиена,1
Аккумуляторы и зарядки,Личная гигиена,Текстиль,1
Личная гигиена,Текстиль,Облачные хранилища,1
Текстиль,Облачные хранилища,Музыкальные инструменты,1
Облачные хранилища,Музыкальные инструменты,PlayStation,1
Музыкальные инструменты,PlayStation,Запчасти для игровых консолей,1
PlayStation,Запчасти для игровых консолей,Компьютеры и периферия,1
Электронные сертификаты,Спорт и игры на улице,Обувь для рыбалки и охоты,1
Очки виртуальной реальности,Электронные сертификаты,Спорт и игры на улице,1
Женщинам,Очки виртуальной реальности,Электронные сертификаты,1
Медицинское оборудование,Игровые жанры,Аккумуляторы и зарядки,1
Игры и игровые подписки,Mobile gaming,Для кошек,1
Mobile gaming,Для кошек,Игровые приставки,1
Для кошек,Игровые приставки,Игровые приставки и ноутбуки,1
Игровые приставки,Игровые приставки и ноутбуки,Видео,1
Игровые приставки и ноутбуки,Видео,Медицинское оборудование,1
Видео,Медицинское оборудование,Игровые жанры,1
Игровые жанры,Аккумуляторы и зарядки,Игрушки и игры,1
Nintendo,Женщинам,Очки виртуальной реальности,1
Уход за волосами,Женщинам,Макияж,1
Женщинам,Макияж,Игровая атрибутика,1
Макияж,Игровая атрибутика,Телефоны и смарт-часы,1
Игровая атрибутика,Телефоны и смарт-часы,Климатическая техника,1
Телефоны и смарт-часы,Климатическая техника,Nintendo,1
Климатическая техника,Nintendo,Женщинам,1
Антикварные книги,Бескаркасная мебель,Охранные системы и видеонаблюдение,1
Охранные системы и видеонаблюдение,Уход за лицом,Сумки и чехлы,1
Уход за телом,Климатическая техника,Ортопедия,1
Техника для дома,Автомобили новые,"Ноутбуки, планшеты и электронные книги",1
"Ноутбуки, планшеты и электронные книги",Браслеты,Мебель для ванной,1
Браслеты,Мебель для ванной,Демонстрационные доски,1
Мебель для ванной,Демонстрационные доски,Облачные хранилища,1
Бумажная продукция,Бытовая химия,Техника для общепита,1
Бытовая химия,Техника для общепита,Аксессуары для электроники,1
Техника для общепита,Аксессуары для электроники,Религиозная атрибутика,1
Аксессуары для электроники,Религиозная атрибутика,Печать по требованию,1
Онлайн-подписки,Мужская косметика,Папки и файлы,1
Мужская косметика,Папки и файлы,Бумага,1
Папки и файлы,Бумага,Ветеринарное оборудование,1
Бумага,Ветеринарное оборудование,Подгузники и гигиена,1
Ветеринарное оборудование,Подгузники и гигиена,Техника для кухни,1
Подгузники и гигиена,Техника для кухни,Женщинам,1
Техника для кухни,Женщинам,Приборы и инструменты,1
Женщинам,Приборы и инструменты,Канцелярия,1
Автомобили новые,"Ноутбуки, планшеты и электронные книги",Браслеты,1
Хранение вещей,Техника для дома,Автомобили новые,1
Уход за лицом,Сумки и чехлы,Манга,1
Очки виртуальной реальности,Хозяйственные товары,Аксессуары для электроники,1
Демонстрационные доски,Уход за лицом,Уход за автомобилем,1
Уход за лицом,Уход за автомобилем,Масла и автохимия,1
Уход за автомобилем,Масла и автохимия,Мужская косметика,1
Масла и автохимия,Мужская косметика,Автоаксессуары и принадлежности,1
Мужская косметика,Автоаксессуары и принадлежности,Аксессуары и комплектующие,1
Автоаксессуары и принадлежности,Аксессуары и комплектующие,Медицинские приборы,1
Аксессуары и комплектующие,Медицинские приборы,Масла и автохимия,1
Медицинские приборы,Масла и автохимия,Товары для мам,1
Масла и автохимия,Товары для мам,Сувениры,1
Товары для мам,Сувениры,Хозяйственные товары,1
Сувениры,Хозяйственные товары,Медицинские приборы,1
Хозяйственные товары,Медицинские приборы,Беременным и кормящим,1
Медицинские приборы,Беременным и кормящим,Дача и сад,1
Игровые жанры,Комплектующие для ПК,Очки виртуальной реальности,1
Комплектующие для ПК,Очки виртуальной реальности,Хозяйственные товары,1
Приборы и инструменты,Канцелярия,Товары для праздников,1
Канцелярия,Товары для праздников,Медицинские приборы,1
Товары для праздников,Медицинские приборы,Игрушки и игры,1
Медицинские приборы,Игрушки и игры,Товары для кормления,1
Религиозные украшения,Парафармацевтика,Шнурки,1
Парафармацевтика,Шнурки,Хранение вещей,1
Шнурки,Хранение вещей,Подписки на электронные книги и аудиокниги,1
Хранение вещей,Подписки на электронные книги и аудиокниги,Предметы военной истории,1
Подписки на электронные книги и аудиокниги,Предметы военной истории,Мебель для хранения,1
Предметы военной истории,Мебель для хранения,Товары для бань и саун,1
Мебель для хранения,Товары для бань и саун,Для птиц,1
Товары для бань и саун,Для птиц,Подписки на электронные книги и аудиокниги,1
Для птиц,Подписки на электронные книги и аудиокниги,Игровые картриджи,1
Подписки на электронные книги и аудиокниги,Игровые картриджи,Техника для кухни,1
Игровые картриджи,Техника для кухни,Литература на иностранных языках,1
Техника для кухни,Литература на иностранных языках,Женщинам,1
Литература на иностранных языках,Женщинам,Уход за одеждой,1
Женщинам,Уход за одеждой,Электронные сертификаты,1
Уход за одеждой,Электронные сертификаты,Охота и стрельба,1
Мебель для кухни,Религиозные украшения,Парафармацевтика,1
Печать по требованию,Мебель для кухни,Религиозные украшения,1
Игровые наушники,Печать по требованию,Мебель для кухни,1
Рули и педали,Компьютерная и офисная мебель,Сублимационная печать,1
Игрушки и игры,Товары для кормления,Детское питание,1
Товары для кормления,Детское питание,Игровые картриджи,1
Детское питание,Игровые картриджи,Мебель медицинская,1
Игровые картриджи,Мебель медицинская,Электроника для автомобиля,1
Мебель медицинская,Электроника для автомобиля,Рули и педали,1
Электроника для автомобиля,Рули и педали,Компьютерная и офисная мебель,1
Компьютерная и офисная мебель,Сублимационная печать,Шины и диски,1
Техника для дома,Игровые наушники,Печать по требованию,1
Сублимационная печать,Шины и диски,Наборы для выживания,1
Шины и диски,Наборы для выживания,Женщинам,1
Наборы для выживания,Женщинам,Виниловые пластинки,1
Женщинам,Виниловые пластинки,Посуда и кухонные принадлежности,1
Виниловые пластинки,Посуда и кухонные принадлежности,Техника для дома,1
Посуда и кухонные принадлежности,Техника для дома,Игровые наушники,1
Бытовая химия,Демонстрационные доски,Уход за лицом,1
Детская мебель,Бытовая химия,Демонстрационные доски,1
Офисные принадлежности,Детская мебель,Бытовая химия,1
Xbox,PlayStation,Игры и игровые подписки,1
Фото и видеокамеры,Подарочные издания книг,Бизнес-литература,1
Подарочные издания книг,Бизнес-литература,Услуги,1
Бизнес-литература,Услуги,Ретро-консоли,1
Услуги,Ретро-консоли,Бизнес-литература,1
Ретро-консоли,Бизнес-литература,Художественная литература,1
Бизнес-литература,Художественная литература,Xbox,1
Художественная литература,Xbox,Учебная литература,1
Xbox,Учебная литература,Nintendo,1
Учебная литература,Nintendo,Мужчинам,1
Nintendo,Мужчинам,Компьютерная и офисная мебель,1
Мужчинам,Компьютерная и офисная мебель,Запчасти для игровых консолей,1
Компьютерная и офисная мебель,Запчасти для игровых консолей,Ритуальные товары,1
Запчасти для игровых консолей,Ритуальные товары,PlayStation,1
Ритуальные товары,PlayStation,Xbox,1
PlayStation,Xbox,Сумки и чехлы,1
Запчасти для игровых консолей,Фото и видеокамеры,Подарочные издания книг,1
Комиксы,Запчасти для игровых консолей,Фото и видеокамеры,1
Виниловые пластинки,Бизнес-литература,Комиксы,1
Игровые приставки и ноутбуки,Учебная литература,Видео,1
Сумки и чехлы,Манга,Электронные аудиокниги,1
Манга,Электронные аудиокниги,Mobile gaming,1
Электронные аудиокниги,Mobile gaming,"Буклеты, листовки и брошюры",1
Mobile gaming,"Буклеты, листовки и брошюры",Блокноты и ежедневники,1
"Буклеты, листовки и брошюры",Блокноты и ежедневники,Игровые приставки и ноутбуки,1
Блокноты и ежедневники,Игровые приставки и ноутбуки,Учебная литература,1
Учебная литература,Видео,Бытовая химия,1
Манга,Виниловые пластинки,Бизнес-литература,1
Видео,Бытовая химия,Mobile gaming,1
Бытовая химия,Mobile gaming,Бизнес-литература,1
Mobile gaming,Бизнес-литература,Для кошек,1
Бизнес-литература,Для кошек,Книги б/у,1
Для кошек,Книги б/у,Манга,1
Книги б/у,Манга,Виниловые пластинки,1
Сумки и чехлы,Xbox,PlayStation,1
PlayStation,Игры и игровые подписки,Манга,1
Часы,Офисные принадлежности,Детская мебель,1
Игры и игровые подписки,Манга,Художественная литература,1
Товары для мам,Папки и файлы,Беременным и кормящим,1
Папки и файлы,Беременным и кормящим,Товары для школы и обучения,1
Беременным и кормящим,Товары для школы и обучения,Ортопедия,1
Товары для школы и обучения,Ортопедия,Тактическая одежда и аксессуары,1
Ортопедия,Тактическая одежда и аксессуары,Товары для кормления,1
Тактическая одежда и аксессуары,Товары для кормления,Электронные сертификаты,1
Электронные сертификаты,Личная гигиена,Одежда и текстиль медицинские,1
Личная гигиена,Одежда и текстиль медицинские,Макияж,1
Одежда и текстиль медицинские,Макияж,Облачные хранилища,1
Макияж,Облачные хранилища,Наборы для выживания,1
Облачные хранилища,Наборы для выживания,Детям,1
Наборы для выживания,Детям,Уход за волосами,1
Детям,Уход за волосами,Маникюр и педикюр,1
Уход за волосами,Маникюр и педикюр,Офисные принадлежности,1
Маникюр и педикюр,Офисные принадлежности,Часы,1
Медицинские изделия и расходные материалы,Товары для мам,Папки и файлы,1
Аксессуары для электроники,Медицинские изделия и расходные материалы,Товары для мам,1
Уход и аксессуары,Аксессуары для электроники,Медицинские изделия и расходные материалы,1
Нехудожественная литература,Игровые жанры,Виниловые пластинки,1
Манга,Художественная литература,Автозвук,1
Художественная литература,Автозвук,Блокноты и ежедневники,1
Автозвук,Блокноты и ежедневники,Ортопедия,1
Блокноты и ежедневники,Ортопедия,Комиксы,1
Комиксы,Запчасти для игровых консолей,Нехудожественная литература,1
Запчасти для игровых консолей,Нехудожественная литература,Игровые жанры,1
Игровые жанры,Виниловые пластинки,Загар и защита от солнца,1
Женщинам,Уход и аксессуары,Аксессуары для электроники,1
Виниловые пластинки,Загар и защита от солнца,Нехудожественная литература,1
Загар и защита от солнца,Нехудожественная литература,Художественная литература,1
Нехудожественная литература,Художественная литература,Очки виртуальной реальности,1
Художественная литература,Очки виртуальной реальности,Бизнес-литература,1
Ароматерапия,Техника для красоты и здоровья,Женщинам,1
Техника для красоты и здоровья,Женщинам,Уход и аксессуары,1
Климатическая техника,Ортопедия,Парфюмерия,1
Для грызунов и хорьков,Уход за телом,Климатическая техника,1
Музыка,Антикварные книги,Ароматерапия,1
Телефоны и смарт-часы,Мужчинам,Полиграфическое оборудование,1
Полиграфическое оборудование,Медицинские изделия и расходные материалы,Сувениры,1
Медицинские изделия и расходные материалы,Сувениры,Очки виртуальной реальности,1
Сувениры,Очки виртуальной реальности,Витамины и БАДы,1
Очки виртуальной реальности,Витамины и БАДы,Медицинское оборудование,1
Витамины и БАДы,Медицинское оборудование,Автомобили новые,1
Медицинское оборудование,Автомобили новые,Ручные массажеры и аппликаторы,1
Автомобили новые,Ручные массажеры и аппликаторы,Подставки и визитницы,1
Ручные массажеры и аппликаторы,Подставки и визитницы,Транспортные средства,1
Подставки и визитницы,Транспортные средства,Мебель для ванной,1
Транспортные средства,Мебель для ванной,Туризм и отдых на природе,1
Мебель для ванной,Туризм и отдых на природе,Телевизоры и видеотехника,1
Туризм и отдых на природе,Телевизоры и видеотехника,Запчасти для игровых консолей,1
Телевизоры и видеотехника,Запчасти для игровых консолей,Букинистика,1
Запчасти для игровых консолей,Букинистика,Лекарственные средства,1
Букинистика,Лекарственные средства,Игровые приставки,1
Мужчинам,Полиграфическое оборудование,Медицинские изделия и расходные материалы,1
Предметы интерьера,Телефоны и смарт-часы,Мужчинам,1
Мужчинам,Часы и электронные будильники,Подписки на электронные книги и аудиокниги,1
Товары для праздников,Предметы интерьера,Телефоны и смарт-часы,1
Nintendo,Мебель,Предметы военной истории,1
Мебель,Предметы военной истории,Хранение вещей,1
Предметы военной истории,Хранение вещей,Путешествия,1
Хранение вещей,Путешествия,Электронные сертификаты,1
Путешествия,Электронные сертификаты,Детская комната,1
Электронные сертификаты,Детская комната,Рули и педали,1
Детская комната,Рули и педали,Мебель,1
Рули и педали,Мебель,Офисные принадлежности,1
Мебель,Офисные принадлежности,Печати и штампы,1
Офисные принадлежности,Печати и штампы,Лекарственные средства,1
Печати и штампы,Лекарственные средства,Декор и интерьер,1
Лекарственные средства,Декор и интерьер,Nintendo,1
Декор и интерьер,Nintendo,Для рыб и рептилий,1
Nintendo,Для рыб и рептилий,Товары для праздников,1
Для рыб и рептилий,Товары для праздников,Предметы интерьера,1
Лекарственные средства,Игровые приставки,Путешествия,1
Игровые приставки,Путешествия,Бизнес-литература,1
Путешествия,Бизнес-литература,Детские украшения,1
Бизнес-литература,Детские украшения,Мужчинам,1
Электронные сертификаты,Серьги,Уход за автомобилем,1
Серьги,Уход за автомобилем,Подставки и визитницы,1
Уход за автомобилем,Подставки и визитницы,Компьютерная и офисная мебель,1
Подставки и визитницы,Компьютерная и офисная мебель,Рули и педали,1
Компьютерная и офисная мебель,Рули и педали,Тактическая одежда и аксессуары,1
Рули и педали,Тактическая одежда и аксессуары,Аксессуары для киберспорта,1
Тактическая одежда и аксессуары,Аксессуары для киберспорта,Товары для праздников,1
Аксессуары для киберспорта,Товары для праздников,Игровые жанры,1
Товары для праздников,Игровые жанры,Демонстрационные доски,1
Игровые жанры,Демонстрационные доски,Оборудование и принадлежности для торговли,1
Демонстрационные доски,Оборудование и принадлежности для торговли,Охранные системы и видеонаблюдение,1
Оборудование и принадлежности для торговли,Охранные системы и видеонаблюдение,Одежда для рыбалки и охоты,1
Охранные системы и видеонаблюдение,Одежда для рыбалки и охоты,Аксессуары для электроники,1
Одежда для рыбалки и охоты,Аксессуары для электроники,Религия и эзотерика,1
Аксессуары для электроники,Религия и эзотерика,Мужчинам,1
Лекарственные средства,Электронные сертификаты,Серьги,1
Уход за телом,Лекарственные средства,Электронные сертификаты,1
Техника для красоты и здоровья,Уход за телом,Лекарственные средства,1
Телевизоры и видеотехника,Рули и педали,Медицинские приборы,1
Детские украшения,Мужчинам,Униформа и рабочая одежда,1
Мужчинам,Униформа и рабочая одежда,Навигаторы,1
Униформа и рабочая одежда,Навигаторы,Шнурки,1
Навигаторы,Шнурки,Техника для дома,1
Шнурки,Техника для дома,Телевизоры и видеотехника,1
Техника для дома,Телевизоры и видеотехника,Рули и педали,1
Рули и педали,Медицинские приборы,Мебель для кухни,1
Мебель,Техника для красоты и здоровья,Уход за телом,1
Медицинские приборы,Мебель для кухни,Книги б/у,1
Мебель для кухни,Книги б/у,Букинистика,1
Книги б/у,Букинистика,Уход за одеждой,1
Букинистика,Уход за одеждой,Умный дом,1
Уход за одеждой,Умный дом,Мебель,1
Умный дом,Мебель,Техника для красоты и здоровья,1
Религиозные украшения,Nintendo,Мебель,1
Офисные принадлежности,Религиозные украшения,Nintendo,1
Уход за одеждой,Офисные принадлежности,Религиозные украшения,1
Видео,Витамины и БАДы,PlayStation,1
Электронные сертификаты,Текстиль,Комплектующие для ПК,1
Текстиль,Комплектующие для ПК,Спорт и игры на улице,1
Комплектующие для ПК,Спорт и игры на улице,Парфюмерия,1
Спорт и игры на улице,Парфюмерия,Квадрокоптеры и аксессуары,1
Парфюмерия,Квадрокоптеры и аксессуары,Детская мебель,1
Квадрокоптеры и аксессуары,Детская мебель,Блокноты и ежедневники,1
Детская мебель,Блокноты и ежедневники,Сублимационная печать,1
Блокноты и ежедневники,Сублимационная печать,Климатическая техника,1
Сублимационная печать,Климатическая техника,Товары для школы и обучения,1
Климатическая техника,Товары для школы и обучения,Аппаратная косметология и массаж,1
Товары для школы и обучения,Аппаратная косметология и массаж,Уход за волосами,1
Аппаратная косметология и массаж,Уход за волосами,Компьютерная и офисная мебель,1
Уход за волосами,Компьютерная и офисная мебель,Ароматерапия,1
Компьютерная и офисная мебель,Ароматерапия,Личная гигиена,1
Ароматерапия,Личная гигиена,Видео,1
Мужчинам,Электронные сертификаты,Текстиль,1
Медицинское оборудование,Мужчинам,Электронные сертификаты,1
Ветеринарное оборудование,Медицинское оборудование,Мужчинам,1
Аккумуляторы и зарядки,Сейфы и архивные шкафы,Мебель для хранения,1
Антикварные книги,Ароматерапия,Наушники и аудиотехника,1
Ароматерапия,Наушники и аудиотехника,Коллекционирование,1
Наушники и аудиотехника,Коллекционирование,Офисная техника,1
Коллекционирование,Офисная техника,Запчасти для игровых консолей,1
Офисная техника,Запчасти для игровых консолей,Женщинам,1
Детям и родителям,Аккумуляторы и зарядки,Сейфы и архивные шкафы,1
Сейфы и архивные шкафы,Мебель для хранения,Декор и интерьер,1
Навигаторы,Ветеринарное оборудование,Медицинское оборудование,1
Мебель для хранения,Декор и интерьер,Книги б/у,1
Декор и интерьер,Книги б/у,Лодки и лодочные моторы,1
Книги б/у,Лодки и лодочные моторы,Бумага,1
Лодки и лодочные моторы,Бумага,"Ноутбуки, планшеты и электронные книги",1
Бумага,"Ноутбуки, планшеты и электронные книги",Навигаторы,1
"Ноутбуки, планшеты и электронные книги",Навигаторы,Ветеринарное оборудование,1
Личная гигиена,Видео,Витамины и БАДы,1
PlayStation,Товары для школы и обучения,Автомобили новые,1
Техника для красоты и здоровья,Уход за одеждой,Офисные принадлежности,1
Товары для школы и обучения,Автомобили новые,Текстиль,1
Телевизоры и видеотехника,Игровые наушники,Охранные системы и видеонаблюдение,1
Игровые наушники,Охранные системы и видеонаблюдение,Религия и эзотерика,1
Охранные системы и видеонаблюдение,Религия и эзотерика,Литература на иностранных языках,1
Религия и эзотерика,Литература на иностранных языках,Аксессуары для игровых приставок,1
Литература на иностранных языках,Аксессуары для игровых приставок,Наушники и аудиотехника,1
Аксессуары для игровых приставок,Наушники и аудиотехника,Медицинские изделия и расходные материалы,1
Наушники и аудиотехника,Медицинские изделия и расходные материалы,Мебель для хранения,1
Мебель для хранения,Онлайн-подписки,Рыбалка,1
Онлайн-подписки,Рыбалка,Навигаторы,1
Рыбалка,Навигаторы,Умный дом,1
Навигаторы,Умный дом,Личная гигиена,1
Умный дом,Личная гигиена,Оборудование и принадлежности для торговли,1
Личная гигиена,Оборудование и принадлежности для торговли,Витамины и БАДы,1
Оборудование и принадлежности для торговли,Витамины и БАДы,Техника для красоты и здоровья,1
Витамины и БАДы,Техника для красоты и здоровья,Уход за одеждой,1
Посуда и кухонные принадлежности,Телевизоры и видеотехника,Игровые наушники,1
Сейфы и архивные шкафы,Религиозные украшения,Мужская косметика,1
Ритуальные товары,Сейфы и архивные шкафы,Религиозные украшения,1
Приборы и инструменты,Рули и педали,Мягкая мебель,1
Автомобили новые,Текстиль,Мебель для бизнеса,1
Текстиль,Мебель для бизнеса,Мебель для кухни,1
Мебель для бизнеса,Мебель для кухни,Дача и сад,1
Мебель для кухни,Дача и сад,Уход за одеждой,1
Дача и сад,Уход за одеждой,Приборы и инструменты,1
Уход за одеждой,Приборы и инструменты,Рули и педали,1
Рули и педали,Мягкая мебель,Уход за автомобилем,1
Витамины и БАДы,Ритуальные товары,Сейфы и архивные шкафы,1
Мягкая мебель,Уход за автомобилем,Мебель для хранения,1
Уход за автомобилем,Мебель для хранения,Наушники и аудиотехника,1
Мебель для хранения,Наушники и аудиотехника,Часы и электронные будильники,1
Аккумуляторы и аксессуары,Товары для гигиены,Канцелярия,1
Товары для гигиены,Канцелярия,Витамины и БАДы,1
Канцелярия,Витамины и БАДы,Ритуальные товары,1
Религия и эзотерика,Мужчинам,Часы и электронные будильники,1
Часы и электронные будильники,Подписки на электронные книги и аудиокниги,Лекарственные средства,1
Аппаратная косметология и массаж,Для грызунов и хорьков,Уход за телом,1
Букинистика,Униформа и рабочая одежда,Автомобили новые,1
Автомобили новые,Ретро-консоли,Предметы интерьера,1
Часы и электронные будильники,Товары для праздников,Телевизоры и видеотехника,1
Товары для праздников,Телевизоры и видеотехника,Онлайн-подписки,1
Телевизоры и видеотехника,Онлайн-подписки,Mobile gaming,1
Онлайн-подписки,Mobile gaming,Блокноты и ежедневники,1
Mobile gaming,Блокноты и ежедневники,Навигаторы,1
Блокноты и ежедневники,Навигаторы,Техника для кухни,1
Аккумуляторы и зарядки,Декор и интерьер,Мебель,1
Уход за волосами,Парафармацевтика,Ручные массажеры и аппликаторы,1
Парафармацевтика,Ручные массажеры и аппликаторы,Электронные сертификаты,1
Ручные массажеры и аппликаторы,Электронные сертификаты,Мебель для спальни и комплектующие,1
Электронные сертификаты,Мебель для спальни и комплектующие,PlayStation,1
Мебель для спальни и комплектующие,PlayStation,Загар и защита от солнца,1
PlayStation,Загар и защита от солнца,Программное обеспечение,1
Загар и защита от солнца,Программное обеспечение,Столы и стулья,1
Униформа и рабочая одежда,Автомобили новые,Ретро-консоли,1
Серьги,Букинистика,Униформа и рабочая одежда,1
Подписки на электронные книги и аудиокниги,Лекарственные средства,Маникюр и педикюр,1
Запчасти для игровых консолей,Серьги,Букинистика,1
Игровые жанры,Услуги,Наборы для выживания,1
Услуги,Наборы для выживания,Хозяйственные товары,1
Наборы для выживания,Хозяйственные товары,Мужская косметика,1
Хозяйственные товары,Мужская косметика,Предметы военной истории,1
Мужская косметика,Предметы военной истории,Коллекционирование,1
Предметы военной истории,Коллекционирование,Канцелярия,1
Коллекционирование,Канцелярия,Тактическая одежда и аксессуары,1
Канцелярия,Тактическая одежда и аксессуары,Украшения на шею,1
Тактическая одежда и аксессуары,Украшения на шею,Приборы и инструменты,1
Украшения на шею,Приборы и инструменты,Игровые приставки и ноутбуки,1
Приборы и инструменты,Игровые приставки и ноутбуки,Аксессуары для игровых приставок,1
Игровые приставки и ноутбуки,Аксессуары для игровых приставок,Сейфы и архивные шкафы,1
Аксессуары для игровых приставок,Сейфы и архивные шкафы,Оптика,1
Сейфы и архивные шкафы,Оптика,Запчасти для игровых консолей,1
Оптика,Запчасти для игровых консолей,Серьги,1
Программное обеспечение,Столы и стулья,Игровые наушники,1
Столы и стулья,Игровые наушники,Блокноты и ежедневники,1
Игровые наушники,Блокноты и ежедневники,Для кошек,1
Блокноты и ежедневники,Для кошек,Детям и родителям,1
Подставки и визитницы,Игровые приставки,Мебель для бизнеса,1
Игровые приставки,Мебель для бизнеса,Бумага,1
Мебель для бизнеса,Бумага,Шины и диски,1
Бумага,Шины и диски,Товары для школы и обучения,1
Шины и диски,Товары для школы и обучения,Аппаратная косметология и массаж,1
Товары для школы и обучения,Аппаратная косметология и массаж,Умный дом,1
Умный дом,Аппаратная косметология и массаж,Товары для праздников,1
Аппаратная косметология и массаж,Товары для праздников,Уход за телом,1
Товары для праздников,Уход за телом,Посуда и кухонные принадлежности,1
Уход за телом,Посуда и кухонные принадлежности,Ветеринарное оборудование,1
Посуда и кухонные принадлежности,Ветеринарное оборудование,Техника для кухни,1
Ветеринарное оборудование,Техника для кухни,Техника для дома,1
Техника для кухни,Техника для дома,Приборы и инструменты,1
Техника для дома,Приборы и инструменты,Аппаратная косметология и массаж,1
Приборы и инструменты,Аппаратная косметология и массаж,Для грызунов и хорьков,1
Автомобили новые,Подставки и визитницы,Игровые приставки,1
Оптика,Автомобили новые,Подставки и визитницы,1
Программное обеспечение,Оптика,Автомобили новые,1
Охранные системы и видеонаблюдение,Уход за телом,Медицинские приборы,1
Для кошек,Детям и родителям,Аккумуляторы и зарядки,1
Детям и родителям,Аккумуляторы и зарядки,Мужчинам,1
Аккумуляторы и зарядки,Мужчинам,Музыка,1
Мужчинам,Музыка,PC,1
Музыка,PC,Охранные системы и видеонаблюдение,1
PC,Охранные системы и видеонаблюдение,Уход за телом,1
Уход за телом,Медицинские приборы,Детям и родителям,1
Уход за телом,Программное обеспечение,Оптика,1
Медицинские приборы,Детям и родителям,Витамины и БАДы,1
Детям и родителям,Витамины и БАДы,Офисные принадлежности,1
Витамины и БАДы,Офисные принадлежности,Очки виртуальной реальности,1
Офисные принадлежности,Очки виртуальной реальности,Мужская косметика,1
Очки виртуальной реальности,Мужская косметика,Уход за телом,1
Мужская косметика,Уход за телом,Программное обеспечение,1
Запчасти для грузовиков и спецтехники,Игровые жанры,Услуги,1
Ортопедия,Запчасти для грузовиков и спецтехники,Игровые жанры,1
Сувениры,Ортопедия,Запчасти для грузовиков и спецтехники,1
Посуда и кухонные принадлежности,Подписки на электронные книги и аудиокниги,Очки виртуальной реальности,1
Медицинские изделия и расходные материалы,PC,Шнурки,1
PC,Шнурки,Женщинам,1
Шнурки,Женщинам,Геймпады,1
Женщинам,Геймпады,Ручные массажеры и аппликаторы,1
Геймпады,Ручные массажеры и аппликаторы,Офисная техника,1
Ручные массажеры и аппликаторы,Офисная техника,Оптика,1
Офисная техника,Оптика,Медицинские изделия и расходные материалы,1
Оптика,Медицинские изделия и расходные материалы,Освещение,1
Медицинские изделия и расходные материалы,Освещение,Лодки и лодочные моторы,1
Освещение,Лодки и лодочные моторы,Фото и видеокамеры,1
Лодки и лодочные моторы,Фото и видеокамеры,Кольца,1
Фото и видеокамеры,Кольца,Товары для праздников,1
Кольца,Товары для праздников,Компьютеры и периферия,1
Товары для праздников,Компьютеры и периферия,Медицинские инструменты,1
Компьютеры и периферия,Медицинские инструменты,Посуда и кухонные принадлежности,1
Для рыб и рептилий,Медицинские изделия и расходные материалы,PC,1
Предметы быта,Для рыб и рептилий,Медицинские изделия и расходные материалы,1
PC,Предметы быта,Для рыб и рептилий,1
Товары для школы и обучения,Для птиц,Загар и защита от солнца,1
Лекарственные средства,Маникюр и педикюр,Женщинам,1
Уход за волосами,Аккумуляторы и зарядки,Уход за телом,1
Аккумуляторы и зарядки,Уход за телом,Шнурки,1
Уход за телом,Шнурки,Ароматерапия,1
Шнурки,Ароматерапия,Климатическая техника,1
Детская комната,Товары для школы и обучения,Для птиц,1
Для птиц,Загар и защита от солнца,Облачные хранилища,1
Мебель для бизнеса,PC,Предметы быта,1
Загар и защита от солнца,Облачные хранилища,Телевизоры и видеотехника,1
Облачные хранилища,Телевизоры и видеотехника,Ретро-консоли,1
Телевизоры и видеотехника,Ретро-консоли,Мужчинам,1
Ретро-консоли,Мужчинам,Электроника для автомобиля,1
Мужчинам,Электроника для автомобиля,Мебель для бизнеса,1
Электроника для автомобиля,Мебель для бизнеса,PC,1
Медицинские инструменты,Посуда и кухонные принадлежности,Подписки на электронные книги и аудиокниги,1
Подписки на электронные книги и аудиокниги,Очки виртуальной реальности,Аксессуары для киберспорта,1
Аккумуляторы и зарядки,Сувениры,Ортопедия,1
Очки виртуальной реальности,Аксессуары для киберспорта,Игровые картриджи,1
Компьютеры и периферия,Часы,Униформа и рабочая одежда,1
Часы,Униформа и рабочая одежда,Картриджи для струйных принтеров,1
Униформа и рабочая одежда,Картриджи для струйных принтеров,Автомобили новые,1
Картриджи для струйных принтеров,Автомобили новые,"Ноутбуки, планшеты и электронные книги",1
Автомобили новые,"Ноутбуки, планшеты и электронные книги",Охота и стрельба,1
"Ноутбуки, планшеты и электронные книги",Охота и стрельба,Аккумуляторы и аксессуары,1
Охота и стрельба,Аккумуляторы и аксессуары,Игровые приставки,1
Аккумуляторы и аксессуары,Игровые приставки,Художественная литература,1
Игровые приставки,Художественная литература,Мебель для кухни,1
Художественная литература,Мебель для кухни,Нехудожественная литература,1
Мебель для кухни,Нехудожественная литература,Подгузники и гигиена,1
Нехудожественная литература,Подгузники и гигиена,Материалы и средства стоматологические,1
Подгузники и гигиена,Материалы и средства стоматологические,"Ноутбуки, планшеты и электронные книги",1
Материалы и средства стоматологические,"Ноутбуки, планшеты и электронные книги",Кольца,1
Кольца,Аккумуляторы и зарядки,Сувениры,1
Подписки на электронные книги и аудиокниги,Компьютеры и периферия,Часы,1
Дача и сад,Подписки на электронные книги и аудиокниги,Компьютеры и периферия,1
Ветеринарное оборудование,Дача и сад,Подписки на электронные книги и аудиокниги,1
Лодки и лодочные моторы,Детские украшения,Компьютерная и офисная мебель,1
Аксессуары для киберспорта,Игровые картриджи,Виниловые пластинки,1
Игровые картриджи,Виниловые пластинки,Техника для кухни,1
Виниловые пластинки,Техника для кухни,Униформа и рабочая одежда,1
Техника для кухни,Униформа и рабочая одежда,Освещение,1
Униформа и рабочая одежда,Освещение,Лодки и лодочные моторы,1
Освещение,Лодки и лодочные моторы,Детские украшения,1
Компьютерная и офисная мебель,Детские украшения,Бытовая химия,1
Инструменты и оборудование,Ветеринарное оборудование,Дача и сад,1
Детские украшения,Бытовая химия,Уход за лицом,1
Бытовая химия,Уход за лицом,Подарочные издания книг,1
Подарочные издания книг,Туризм и отдых на природе,Игровые картриджи,1
Туризм и отдых на природе,Игровые картриджи,Охранные системы и видеонаблюдение,1
Игровые картриджи,Охранные системы и видеонаблюдение,Инструменты и оборудование,1
Охранные системы и видеонаблюдение,Инструменты и оборудование,Ветеринарное оборудование,1
Электронные сертификаты,Охота и стрельба,Детское питание,1
